{
  "files": [
    {
      "filepath": "/Users/lukecarlthompson/Code/anim-engine/src/benchmarks/vs-gsap.bench.ts",
      "groups": [
        {
          "fullName": "src/benchmarks/vs-gsap.bench.ts > single tween (1000 frames to completion)",
          "benchmarks": [
            {
              "id": "44976782_0_0",
              "name": "anim-engine",
              "rank": 1,
              "rme": 1.371935618319885,
              "samples": [],
              "totalTime": 500.0030859999953,
              "min": 0.035750000000007276,
              "max": 2.7810830000000806,
              "hz": 23637.854107164676,
              "period": 0.042305024621371964,
              "mean": 0.042305024621371964,
              "variance": 0.0010363822281403156,
              "sd": 0.03219289095654995,
              "sem": 0.0002961212760814281,
              "df": 11818,
              "critical": 1.96,
              "moe": 0.0005803977011195991,
              "p75": 0.04162500000001046,
              "p99": 0.06183400000008987,
              "p995": 0.06837500000006003,
              "p999": 0.13787500000000819,
              "sampleCount": 11819,
              "median": 0.04075000000000273
            },
            {
              "id": "44976782_0_1",
              "name": "gsap",
              "rank": 2,
              "rme": 1.4755108974924025,
              "samples": [],
              "totalTime": 500.0416649999977,
              "min": 0.08354199999985212,
              "max": 3.69233399999996,
              "hz": 10917.090278867112,
              "period": 0.09159949899248905,
              "mean": 0.09159949899248905,
              "variance": 0.0025958045591880597,
              "sd": 0.05094903884459509,
              "sem": 0.0006895717294299078,
              "df": 5458,
              "critical": 1.96,
              "moe": 0.0013515605896826193,
              "p75": 0.09050000000002001,
              "p99": 0.13112499999999727,
              "p995": 0.16804199999990033,
              "p999": 0.30054199999995035,
              "sampleCount": 5459,
              "median": 0.08737500000006548
            }
          ]
        },
        {
          "fullName": "src/benchmarks/vs-gsap.bench.ts > keyframe animation (3 segments, 1000 frames to completion)",
          "benchmarks": [
            {
              "id": "44976782_1_0",
              "name": "anim-engine: keyframes",
              "rank": 1,
              "rme": 7.318305026812872,
              "samples": [],
              "totalTime": 500.02954400000635,
              "min": 0.04212499999994179,
              "max": 11.763333000000102,
              "hz": 19078.872667571577,
              "period": 0.05241399832285182,
              "mean": 0.05241399832285182,
              "variance": 0.036538593579627,
              "sd": 0.19115070907435056,
              "sem": 0.0019570491193953467,
              "df": 9539,
              "critical": 1.96,
              "moe": 0.0038358162740148795,
              "p75": 0.04599999999982174,
              "p99": 0.12304199999994125,
              "p995": 0.14933399999995345,
              "p999": 0.8540839999998298,
              "sampleCount": 9540,
              "median": 0.04475000000002183
            },
            {
              "id": "44976782_1_1",
              "name": "gsap: timeline",
              "rank": 2,
              "rme": 0.42358136941267677,
              "samples": [],
              "totalTime": 500.1629729999995,
              "min": 0.2675829999998314,
              "max": 0.6740420000000995,
              "hz": 3538.8465271298714,
              "period": 0.28257795084745735,
              "mean": 0.28257795084745735,
              "variance": 0.0006601024835056012,
              "sd": 0.025692459662430167,
              "sem": 0.000610687527478541,
              "df": 1769,
              "critical": 1.96,
              "moe": 0.0011969475538579405,
              "p75": 0.28291699999999764,
              "p99": 0.38954100000000835,
              "p995": 0.46304200000031415,
              "p999": 0.5377089999997224,
              "sampleCount": 1770,
              "median": 0.2754165000001194
            }
          ]
        },
        {
          "fullName": "src/benchmarks/vs-gsap.bench.ts > 50 concurrent tweens (500 frames to completion)",
          "benchmarks": [
            {
              "id": "44976782_2_0",
              "name": "anim-engine",
              "rank": 1,
              "rme": 1.606366790620221,
              "samples": [],
              "totalTime": 500.777689,
              "min": 1.5561659999998483,
              "max": 3.9336249999996653,
              "hz": 607.0557987658273,
              "period": 1.647295029605263,
              "mean": 1.647295029605263,
              "variance": 0.05541070186344787,
              "sd": 0.235394778751458,
              "sem": 0.013500816479141062,
              "df": 303,
              "critical": 1.96,
              "moe": 0.026461600299116483,
              "p75": 1.6486669999999322,
              "p99": 3.3013339999997697,
              "p995": 3.5761250000000473,
              "p999": 3.9336249999996653,
              "sampleCount": 304,
              "median": 1.602040999999872
            },
            {
              "id": "44976782_2_1",
              "name": "gsap",
              "rank": 2,
              "rme": 0.7816721450674401,
              "samples": [],
              "totalTime": 500.3499240000033,
              "min": 2.071292000000085,
              "max": 3.7448749999998654,
              "hz": 463.67549763033134,
              "period": 2.156680706896566,
              "mean": 2.156680706896566,
              "variance": 0.017163142999744793,
              "sd": 0.1310081791330022,
              "sem": 0.008601108338701029,
              "df": 231,
              "critical": 1.96,
              "moe": 0.016858172343854016,
              "p75": 2.1826670000000377,
              "p99": 2.515292000000045,
              "p995": 2.6409999999996217,
              "p999": 3.7448749999998654,
              "sampleCount": 232,
              "median": 2.1272494999998344
            }
          ]
        },
        {
          "fullName": "src/benchmarks/vs-gsap.bench.ts > 50 concurrent keyframe animations (500 frames to completion)",
          "benchmarks": [
            {
              "id": "44976782_3_0",
              "name": "anim-engine",
              "rank": 1,
              "rme": 1.3030010303464001,
              "samples": [],
              "totalTime": 500.0270819999969,
              "min": 1.2681250000005093,
              "max": 2.3845830000000205,
              "hz": 737.9600291329867,
              "period": 1.3550869430894223,
              "mean": 1.3550869430894223,
              "variance": 0.029945947787974884,
              "sd": 0.1730489751139107,
              "sem": 0.009008569811502403,
              "df": 368,
              "critical": 1.96,
              "moe": 0.01765679683054471,
              "p75": 1.3479999999999563,
              "p99": 2.1561250000004293,
              "p995": 2.2501660000007178,
              "p999": 2.3845830000000205,
              "sampleCount": 369,
              "median": 1.306749999999738
            },
            {
              "id": "44976782_3_1",
              "name": "gsap",
              "rank": 2,
              "rme": 0.4770535762306755,
              "samples": [],
              "totalTime": 503.43849899999987,
              "min": 5.550167000000329,
              "max": 6.461749999999483,
              "hz": 174.79791508753885,
              "period": 5.720892034090908,
              "mean": 5.720892034090908,
              "variance": 0.016586525471335416,
              "sd": 0.12878868533895133,
              "sem": 0.013728919986380862,
              "df": 87,
              "critical": 1.9879,
              "moe": 0.027291720040926514,
              "p75": 5.747207999999773,