{
  "files": [
    {
      "filepath": "/Users/lukecarlthompson/Code/anim-engine/src/benchmarks/easing.bench.ts",
      "groups": [
        {
          "fullName": "src/benchmarks/easing.bench.ts > easing: inCubic",
          "benchmarks": [
            {
              "id": "-25311630_0_0",
              "name": "inCubic (multiply baseline)",
              "rank": 1,
              "rme": 0.1763531959336293,
              "samples": [],
              "totalTime": 500.0022109999992,
              "min": 0.009457999999995081,
              "max": 0.10662499999995134,
              "hz": 101817.54976279511,
              "period": 0.009821489540159878,
              "mean": 0.009821489540159878,
              "variance": 0.0000039756103224181925,
              "sd": 0.001993893257528645,
              "sem": 0.0000088369952512036,
              "df": 50908,
              "critical": 1.96,
              "moe": 0.000017320510692359058,
              "p75": 0.009625000000028194,
              "p99": 0.01691599999992377,
              "p995": 0.022249999999985448,
              "p999": 0.03566599999999198,
              "sampleCount": 50909,
              "median": 0.009583000000020547
            }
          ]
        },
        {
          "fullName": "src/benchmarks/easing.bench.ts > easing: outCubic",
          "benchmarks": [
            {
              "id": "-25311630_1_0",
              "name": "outCubic",
              "rank": 1,
              "rme": 0.15182390170578047,
              "samples": [],
              "totalTime": 500.007221999949,
              "min": 0.009582999999793174,
              "max": 0.08145799999999781,
              "hz": 101420.53508180162,
              "period": 0.00985993614797478,
              "mean": 0.00985993614797478,
              "variance": 0.0000029581387007156855,
              "sd": 0.0017199240392283856,
              "sem": 0.000007637622329364258,
              "df": 50710,
              "critical": 1.96,
              "moe": 0.000014969739765553946,
              "p75": 0.009749999999939973,
              "p99": 0.010708000000022366,
              "p995": 0.017250000000103682,
              "p999": 0.0359169999999267,
              "sampleCount": 50711,
              "median": 0.009708000000046013
            }
          ]
        },
        {
          "fullName": "src/benchmarks/easing.bench.ts > easing: outQuart",
          "benchmarks": [
            {
              "id": "-25311630_2_0",
              "name": "outQuart",
              "rank": 1,
              "rme": 0.1383851506393746,
              "samples": [],
              "totalTime": 500.0032270000172,
              "min": 0.009582999999793174,
              "max": 0.09479200000009769,
              "hz": 101375.3457235152,
              "period": 0.009864331340751603,
              "mean": 0.009864331340751603,
              "variance": 0.0000024587099452353183,
              "sd": 0.0015680274057666588,
              "sem": 0.000006964678461972523,
              "df": 50687,
              "critical": 1.96,
              "moe": 0.000013650769785466144,
              "p75": 0.009750000000167347,
              "p99": 0.010708000000022366,
              "p995": 0.015083000000004176,
              "p999": 0.030917000000044936,
              "sampleCount": 50688,
              "median": 0.009708000000046013
            }
          ]
        },
        {
          "fullName": "src/benchmarks/easing.bench.ts > easing: outQuint",
          "benchmarks": [
            {
              "id": "-25311630_3_0",
              "name": "outQuint",
              "rank": 1,
              "rme": 0.1339149338059486,
              "samples": [],
              "totalTime": 500.0020289999711,
              "min": 0.009332999999969616,
              "max": 0.09329200000001947,
              "hz": 104009.57792913877,
              "period": 0.009614499163541412,
              "mean": 0.009614499163541412,
              "variance": 0.0000022441108831856087,
              "sd": 0.0014980356748707986,
              "sem": 0.000006569005199301002,
              "df": 52004,
              "critical": 1.96,
              "moe": 0.000012875250190629962,
              "p75": 0.009500000000116415,
              "p99": 0.010499999999865395,
              "p995": 0.01687499999979991,
              "p999": 0.029874999999719876,
              "sampleCount": 52005,
              "median": 0.009458000000449829
            }
          ]
        },
        {
          "fullName": "src/benchmarks/easing.bench.ts > easing: inCirc",
          "benchmarks": [
            {
              "id": "-25311630_4_0",
              "name": "inCirc",
              "rank": 1,
              "rme": 0.17193817165507722,
              "samples": [],
              "totalTime": 500.0067439999957,
              "min": 0.009583000000020547,
              "max": 0.1621660000000702,
              "hz": 100926.63870149807,
              "period": 0.009908186905516718,
              "mean": 0.009908186905516718,
              "variance": 0.000003812435617487988,
              "sd": 0.001952545932235139,
              "sem": 0.00000869181398444552,
              "df": 50463,
              "critical": 1.96,
              "moe": 0.000017035955409513218,
              "p75": 0.009750000000167347,
              "p99": 0.011042000000088592,
              "p995": 0.020165999999790074,
              "p999": 0.03879200000028504,
              "sampleCount": 50464,
              "median": 0.009708000000046013
            }
          ]
        },
        {
          "fullName": "src/benchmarks/easing.bench.ts > easing: outCirc",
          "benchmarks": [
            {
              "id": "-25311630_5_0",
              "name": "outCirc",
              "rank": 1,
              "rme": 0.14818981107390583,
              "samples": [],
              "totalTime": 500.00279500000397,
              "min": 0.009540999999899213,
              "max": 0.10095799999999144,
              "hz": 101721.4313771978,
              "period": 0.00983077003991278,
              "mean": 0.00983077003991278,
              "variance": 0.0000028098589219488043,
              "sd": 0.001676263380841091,
              "sem": 0.0000074327548720698396,
              "df": 50860,
              "critical": 1.96,
              "moe": 0.000014568199549256886,
              "p75": 0.009708000000046013,
              "p99": 0.010791000000153872,
              "p995": 0.018875000000207365,
              "p999": 0.033333000000311586,
              "sampleCount": 50861,
              "median": 0.009666999999808468
            }
          ]
        },
        {
          "fullName": "src/benchmarks/easing.bench.ts > easing: inOutCirc",
          "benchmarks": [
            {
              "id": "-25311630_6_0",
              "name": "inOutCirc",
              "rank": 1,
              "rme": 0.49409741698425436,
              "samples": [],
              "totalTime": 500.01246200001697,
              "min": 0.01195899999993344,
              "max": 1.0626659999998083,
              "hz": 80297.99865267886,
              "period": 0.012453610510585727,
              "mean": 0.012453610510585727,
              "variance": 0.00003957210309173459,
              "sd": 0.00629063614364514,
              "sem": 0.00003139437135412433,
              "df": 40149,
              "critical": 1.96,
              "moe": 0.00006153296785408368,
              "p75": 0.012166999999863037,
              "p99": 0.017542000000048574,
              "p995": 0.027541999999812106,
              "p999": 0.04899999999997817,
              "sampleCount": 40150,
              "median": 0.01212500000019645
            }
          ]
        },
        {
          "fullName": "src/benchmarks/easing.bench.ts > easing: outBack",
          "benchmarks": [
            {
              "id": "-25311630_7_0",
              "name": "outBack",
              "rank": 1,