{
  "files": [
    {
      "filepath": "/Users/lukecarlthompson/Code/anim-engine/src/benchmarks/easing.bench.ts",
      "groups": [
        {
          "fullName": "src/benchmarks/easing.bench.ts > easing: inCubic",
          "benchmarks": [
            {
              "id": "-25311630_0_0",
              "name": "inCubic (multiply baseline)",
              "rank": 1,
              "rme": 0.14697968441779574,
              "samples": [],
              "totalTime": 500.0056360000046,
              "min": 0.009457999999995081,
              "max": 0.0925420000000372,
              "hz": 102732.84199540409,
              "period": 0.00973398555492835,
              "mean": 0.00973398555492835,
              "variance": 0.000002736957637762269,
              "sd": 0.0016543753013637107,
              "sem": 0.000007299480229544649,
              "df": 51366,
              "critical": 1.96,
              "moe": 0.000014306981249907512,
              "p75": 0.009624999999971351,
              "p99": 0.010583000000110587,
              "p995": 0.01570899999995845,
              "p999": 0.034333999999944353,
              "sampleCount": 51367,
              "median": 0.009583000000020547
            }
          ]
        },
        {
          "fullName": "src/benchmarks/easing.bench.ts > easing: outCubic",
          "benchmarks": [
            {
              "id": "-25311630_1_0",
              "name": "outCubic",
              "rank": 1,
              "rme": 0.14604482801105312,
              "samples": [],
              "totalTime": 500.0010409999726,
              "min": 0.009542000000010376,
              "max": 0.08829099999991286,
              "hz": 101345.78899807285,
              "period": 0.009867208197658963,
              "mean": 0.009867208197658963,
              "variance": 0.000002739210583111504,
              "sd": 0.0016550560664556062,
              "sem": 0.000007352320021307942,
              "df": 50672,
              "critical": 1.96,
              "moe": 0.000014410547241763566,
              "p75": 0.009749999999939973,
              "p99": 0.010874999999941792,
              "p995": 0.01820899999984249,
              "p999": 0.03237500000000182,
              "sampleCount": 50673,
              "median": 0.009708000000046013
            }
          ]
        },
        {
          "fullName": "src/benchmarks/easing.bench.ts > easing: outQuart",
          "benchmarks": [
            {
              "id": "-25311630_2_0",
              "name": "outQuart",
              "rank": 1,
              "rme": 6.353645642239362,
              "samples": [],
              "totalTime": 500.0036320000047,
              "min": 0.009542000000010376,
              "max": 10.644542000000001,
              "hz": 88555.35673388785,
              "period": 0.011292371651836233,
              "mean": 0.011292371651836233,
              "variance": 0.005933243314075732,
              "sd": 0.07702754905925367,
              "sem": 0.0003660598364093704,
              "df": 44277,
              "critical": 1.96,
              "moe": 0.0007174772793623659,
              "p75": 0.009790999999950145,
              "p99": 0.026292000000012195,
              "p995": 0.0264159999999265,
              "p999": 0.09412499999984902,
              "sampleCount": 44278,
              "median": 0.009708000000046013
            }
          ]
        },
        {
          "fullName": "src/benchmarks/easing.bench.ts > easing: outQuint",
          "benchmarks": [
            {
              "id": "-25311630_3_0",
              "name": "outQuint",
              "rank": 1,
              "rme": 0.15528594888842095,
              "samples": [],
              "totalTime": 500.0020309999636,
              "min": 0.009332999999969616,
              "max": 0.11850000000004002,
              "hz": 103791.5783986161,
              "period": 0.009634693059194612,
              "mean": 0.009634693059194612,
              "variance": 0.000003023861040861288,
              "sd": 0.0017389252545354811,
              "sem": 0.00000763332884666183,
              "df": 51895,
              "critical": 1.96,
              "moe": 0.000014961324539457187,
              "p75": 0.009500000000116415,
              "p99": 0.010499999999865395,
              "p995": 0.01670800000010786,
              "p999": 0.03274999999985084,
              "sampleCount": 51896,
              "median": 0.00945899999987887
            }
          ]
        },
        {
          "fullName": "src/benchmarks/easing.bench.ts > easing: inCirc",
          "benchmarks": [
            {
              "id": "-25311630_4_0",
              "name": "inCirc",
              "rank": 1,
              "rme": 0.17261050473448902,
              "samples": [],
              "totalTime": 500.001827999964,
              "min": 0.009583000000020547,
              "max": 0.12629100000003746,
              "hz": 101089.63041631848,
              "period": 0.009892211455138272,
              "mean": 0.009892211455138272,
              "variance": 0.00000383607673156147,
              "sd": 0.00195859049613784,
              "sem": 0.000008711732715365874,
              "df": 50544,
              "critical": 1.96,
              "moe": 0.000017074996122117113,
              "p75": 0.009750000000167347,
              "p99": 0.01079200000003766,
              "p995": 0.018958999999995285,
              "p999": 0.041916000000128406,
              "sampleCount": 50545,
              "median": 0.009708000000046013
            }
          ]
        },
        {
          "fullName": "src/benchmarks/easing.bench.ts > easing: outCirc",
          "benchmarks": [
            {
              "id": "-25311630_5_0",
              "name": "outCirc",
              "rank": 1,
              "rme": 0.20715766528522708,
              "samples": [],
              "totalTime": 500.00598199992146,
              "min": 0.009540999999899213,
              "max": 0.3568750000004002,
              "hz": 101762.78251008602,
              "period": 0.009826775323295497,
              "mean": 0.009826775323295497,
              "variance": 0.000005488783485344751,
              "sd": 0.002342815290488081,
              "sem": 0.000010386182822736622,
              "df": 50881,
              "critical": 1.96,
              "moe": 0.000020356918332563777,
              "p75": 0.009708000000046013,
              "p99": 0.010667000000012195,
              "p995": 0.017083999999613297,
              "p999": 0.035582999999860476,
              "sampleCount": 50882,
              "median": 0.009666999999808468
            }
          ]
        },
        {
          "fullName": "src/benchmarks/easing.bench.ts > easing: inOutCirc",
          "benchmarks": [
            {
              "id": "-25311630_6_0",
              "name": "inOutCirc",
              "rank": 1,
              "rme": 0.18796050981278262,
              "samples": [],
              "totalTime": 500.00200100000575,
              "min": 0.011999999999716238,
              "max": 0.24004199999990306,
              "hz": 81051.6756311932,
              "period": 0.012337807851749635,
              "mean": 0.012337807851749635,
              "variance": 0.0000056732357450173164,
              "sd": 0.0023818555256390588,
              "sem": 0.00001183173802952558,
              "df": 40525,
              "critical": 1.96,
              "moe": 0.000023190206537870136,
              "p75": 0.012167000000772532,
              "p99": 0.013416999999662949,
              "p995": 0.021792000000459666,
              "p999": 0.03970799999933661,
              "sampleCount": 40526,
              "median": 0.01212500000019645
            }
          ]
        },
        {
          "fullName": "src/benchmarks/easing.bench.ts > easing: outBack",
          "benchmarks": [
            {
              "id": "-25311630_7_0",
              "name": "outBack",
              "rank": 1,
              "rme": 0.16221764357158824,