{
  "files": [
    {
      "filepath": "/Users/lukecarlthompson/Code/anim-engine/src/benchmarks/vs-gsap.bench.ts",
      "groups": [
        {
          "fullName": "src/benchmarks/vs-gsap.bench.ts > single tween (1000 frames to completion)",
          "benchmarks": [
            {
              "id": "44976782_0_0",
              "name": "anim-engine",
              "rank": 1,
              "rme": 0.9387671068618779,
              "samples": [],
              "totalTime": 500.0631040000009,
              "min": 0.07599999999990814,
              "max": 1.7111250000000382,
              "hz": 12666.401398812235,
              "period": 0.07894902178718044,
              "mean": 0.07894902178718044,
              "variance": 0.0009056807792984483,
              "sd": 0.030094530720688243,
              "sem": 0.0003781364529220753,
              "df": 6333,
              "critical": 1.96,
              "moe": 0.0007411474477272675,
              "p75": 0.07841699999994489,
              "p99": 0.10616700000002766,
              "p995": 0.13604200000003175,
              "p999": 0.18174999999996544,
              "sampleCount": 6334,
              "median": 0.07629100000002609
            },
            {
              "id": "44976782_0_1",
              "name": "gsap",
              "rank": 2,
              "rme": 0.42008018796706414,
              "samples": [],
              "totalTime": 500.07085700000835,
              "min": 0.08366699999987759,
              "max": 0.5418339999999944,
              "hz": 11164.41784568923,
              "period": 0.08957027709117112,
              "mean": 0.08957027709117112,
              "variance": 0.00020575373131104818,
              "sd": 0.014344118352518156,
              "sem": 0.00019197295324857746,
              "df": 5582,
              "critical": 1.96,
              "moe": 0.0003762669883672118,
              "p75": 0.08904099999995196,
              "p99": 0.1322499999998854,
              "p995": 0.18249999999989086,
              "p999": 0.28929100000004837,
              "sampleCount": 5583,
              "median": 0.08708299999989322
            }
          ]
        },
        {
          "fullName": "src/benchmarks/vs-gsap.bench.ts > keyframe animation (3 segments, 1000 frames to completion)",
          "benchmarks": [
            {
              "id": "44976782_1_0",
              "name": "anim-engine: keyframes",
              "rank": 1,
              "rme": 1.6367796443942813,
              "samples": [],
              "totalTime": 500.071212000008,
              "min": 0.06679200000007768,
              "max": 3.7557500000000346,
              "hz": 14012.00435429162,
              "period": 0.07136737719423548,
              "mean": 0.07136737719423548,
              "variance": 0.0024888566207091826,
              "sd": 0.04988844175467082,
              "sem": 0.0005959830115578229,
              "df": 7006,
              "critical": 1.96,
              "moe": 0.0011681267026533329,
              "p75": 0.06995800000004238,
              "p99": 0.10070799999994051,
              "p995": 0.13450000000011642,
              "p999": 0.5106250000001182,
              "sampleCount": 7007,
              "median": 0.0675420000000031
            },
            {
              "id": "44976782_1_1",
              "name": "gsap: timeline",
              "rank": 2,
              "rme": 0.9606546657461456,
              "samples": [],
              "totalTime": 500.14944400001195,
              "min": 0.2672080000002097,
              "max": 2.5541250000001128,
              "hz": 3540.9416550305264,
              "period": 0.28241075324676,
              "mean": 0.28241075324676,
              "variance": 0.0033931532094859675,
              "sd": 0.058250778616993334,
              "sem": 0.001384179631445834,
              "df": 1770,
              "critical": 1.96,
              "moe": 0.0027129920776338343,
              "p75": 0.28125,
              "p99": 0.37983299999996234,
              "p995": 0.4325420000000122,
              "p999": 0.5325000000002547,
              "sampleCount": 1771,
              "median": 0.2743749999999636
            }
          ]
        },
        {
          "fullName": "src/benchmarks/vs-gsap.bench.ts > 50 concurrent tweens (500 frames to completion)",
          "benchmarks": [
            {
              "id": "44976782_2_0",
              "name": "anim-engine",
              "rank": 1,
              "rme": 1.5299678568201558,
              "samples": [],
              "totalTime": 500.1023850000006,
              "min": 1.596292000000176,
              "max": 3.588042000000314,
              "hz": 591.8788009779231,
              "period": 1.6895350844594614,
              "mean": 1.6895350844594614,
              "variance": 0.051484750357380205,
              "sd": 0.2269025128934896,
              "sem": 0.013188440674453588,
              "df": 295,
              "critical": 1.96,
              "moe": 0.02584934372192903,
              "p75": 1.686666999999943,
              "p99": 3.3609590000000935,
              "p995": 3.5136250000000473,
              "p999": 3.588042000000314,
              "sampleCount": 296,
              "median": 1.6478755000000547
            },
            {
              "id": "44976782_2_1",
              "name": "gsap",
              "rank": 2,
              "rme": 0.40169107068719917,
              "samples": [],
              "totalTime": 501.43029000000524,
              "min": 2.062666999999692,
              "max": 2.4844170000001213,
              "hz": 470.65365756025136,
              "period": 2.12470461864409,
              "mean": 2.12470461864409,
              "variance": 0.004474879444765658,
              "sd": 0.0668945397231019,
              "sem": 0.0043544636385570495,
              "df": 235,
              "critical": 1.96,
              "moe": 0.008534748731571817,
              "p75": 2.150292000000263,
              "p99": 2.4085830000003625,
              "p995": 2.462290999999823,
              "p999": 2.4844170000001213,
              "sampleCount": 236,
              "median": 2.10225000000014
            }
          ]
        },
        {
          "fullName": "src/benchmarks/vs-gsap.bench.ts > 50 concurrent keyframe animations (500 frames to completion)",
          "benchmarks": [
            {
              "id": "44976782_3_0",
              "name": "anim-engine",
              "rank": 1,
              "rme": 1.2147647154827148,
              "samples": [],
              "totalTime": 500.2680770000038,
              "min": 1.3049169999994774,
              "max": 2.286750000000211,
              "hz": 719.6141759810856,
              "period": 1.3896335472222328,
              "mean": 1.3896335472222328,
              "variance": 0.026703935806343993,
              "sd": 0.1634133893117207,
              "sem": 0.008612641839880876,
              "df": 359,
              "critical": 1.96,
              "moe": 0.016880778006166514,
              "p75": 1.3830000000007203,
              "p99": 2.2006670000000668,
              "p995": 2.23241599999983,
              "p999": 2.286750000000211,
              "sampleCount": 360,
              "median": 1.3462295000003905
            },
            {
              "id": "44976782_3_1",
              "name": "gsap",
              "rank": 2,
              "rme": 0.4999997944999457,
              "samples": [],
              "totalTime": 500.94737599999917,
              "min": 5.623207999999977,
              "max": 6.538333000000421,
              "hz": 173.67093664544944,
              "period": 5.758015816091945,
              "mean": 5.758015816091945,
              "variance": 0.01824250493038884,
              "sd": 0.13506481751510582,
              "sem": 0.014480468387352428,
              "df": 86,
              "critical": 1.9882,
              "moe": 0.028790067247734096,
              "p75": 5.815625000000182,